{"turn_result": {"events": [{"type": 2, "location": {"id": "67ae2e7f-721f-4060-83df-9656b62cd93f", "node_ids": ["a9011c08-fef3-4444-86cc-a9f12d824a8b"], "node_type": 4, "resolved": true}}, {"type": 11, "room_1": {"id": "a9011c08-fef3-4444-86cc-a9f12d824a8b", "node_ids": ["20062f32-e4f2-4e83-9488-9c516ea447dd", "66ff3051-7ec7-4cf2-8845-d0b10031de79"], "node_type": 3, "resolved": false}, "room_2": null, "choice": "room_1"}], "team_name": "Team Longcoats"}, "units": [{"id": "b1348eb8-66e5-4528-89e5-31268db0ecd8", "name": "Ed", "class_name": "Knight", "unit_class": 0, "combat_action": 9, "combat_action_target_1": null, "combat_action_target_2": null, "trap_action": 3, "invigorated": false, "health": 11000, "current_health": 11000, "focus": 100, "current_focus": 100, "will": 100, "current_will": 100, "primary_weapon": [1, {"name": "Sword", "item_type": 1, "damage": 100, "damage_types": [1], "level": 1}]}, {"id": "50e0a2fc-cb66-432d-ac91-e9e9b52e005b", "name": "Edd", "class_name": "Brawler", "unit_class": 1, "combat_action": 9, "combat_action_target_1": null, "combat_action_target_2": null, "trap_action": 3, "invigorated": false, "health": 12000, "current_health": 12000, "focus": 100, "current_focus": 100, "will": 100, "current_will": 100, "primary_weapon": [3, {"name": "Club", "item_type": 3, "damage": 100, "damage_types": [2], "level": 1}]}, {"id": "4c8d12f0-d974-41a5-b206-ad287d62c330", "name": "Eddy", "class_name": "Pikeman", "unit_class": 2, "combat_action": 9, "combat_action_target_1": null, "combat_action_target_2": null, "trap_action": 3, "invigorated": false, "health": 13000, "current_health": 13000, "focus": 100, "current_focus": 100, "will": 100, "current_will": 100, "primary_weapon": [4, {"name": "Spear", "item_type": 4, "damage": 100, "damage_types": [0], "level": 1}]}, {"id": "735a2ec7-e41a-4b80-8b1d-3d23a0cf8e1a", "name": "Carlos", "class_name": "Alchemist", "unit_class": 7, "combat_action": 9, "combat_action_target_1": null, "combat_action_target_2": null, "trap_action": 3, "invigorated": false, "health": 18000, "current_health": 18000, "focus": 100, "current_focus": 100, "will": 100, "current_will": 100, "primary_weapon": [8, {"name": "Alchemy Supplies", "item_type": 8, "damage": 0, "damage_types": [9], "level": 1}], "bomb_1": null, "bomb_1_quantity": 0, "bomb_2": null, "bomb_2_quantity": 0}]}