{"turn_result": {"events": [{"type": 2, "location": {"id": "fbe54b99-d637-415b-8bcd-6fb56716347b", "node_ids": ["bfce2d49-8485-4550-b1b0-cc61891bb86b", "864ceb9c-3ceb-42d1-931a-19e21eb14986"], "node_type": 1, "resolved": true, "monster": {"id": "9aff731b-8842-45d9-a3a7-65e3032fefdd", "name": "Beholder", "monster_type": 1, "level": 1, "damage": 250, "cumulative_damage": 0, "health": 6000, "defense": 5, "current_health": 0, "attack_state": {}, "weaknesses": [0, 1, 7, 5], "gold": 500}}}, {"type": 11, "room_1": {"id": "bfce2d49-8485-4550-b1b0-cc61891bb86b", "node_ids": ["8a0df556-fd83-4de7-8029-5f804dddb3c8"], "node_type": 2, "resolved": false, "trap": {"id": "cdd46aa1-4756-4459-a957-dbf2a5bbe229", "name": "Falling Ceilling", "level": 3, "trap_type": 1, "stat": 1, "pass_type": 1, "damage_interval": 3, "damage_type": 3, "damage": 700, "required_effort": 150, "current_effort": 0}}, "room_2": {"id": "864ceb9c-3ceb-42d1-931a-19e21eb14986", "node_ids": ["8a0df556-fd83-4de7-8029-5f804dddb3c8"], "node_type": 2, "resolved": false, "trap": {"id": "c4eb7e0e-912b-4050-863a-e788e8783806", "name": "Spike Trap", "level": 2, "trap_type": 0, "stat": 1, "pass_type": 0, "damage_interval": 1, "damage_type": 1, "damage": 100, "required_effort": 50, "current_effort": [0, 0, 0, 0]}}, "choice": "room_2"}], "team_name": "Team Longcoats"}, "units": [{"id": "b1348eb8-66e5-4528-89e5-31268db0ecd8", "name": "Ed", "class_name": "Knight", "unit_class": 0, "combat_action": 9, "combat_action_target_1": null, "combat_action_target_2": null, "trap_action": 3, "invigorated": false, "health": 11000, "current_health": 4398, "focus": 100, "current_focus": 100, "will": 100, "current_will": 25, "primary_weapon": [1, {"name": "Sword", "item_type": 1, "damage": 100, "damage_types": [1], "level": 1}]}, {"id": "50e0a2fc-cb66-432d-ac91-e9e9b52e005b", "name": "Edd", "class_name": "Brawler", "unit_class": 1, "combat_action": 9, "combat_action_target_1": null, "combat_action_target_2": null, "trap_action": 3, "invigorated": false, "health": 12000, "current_health": 10550, "focus": 100, "current_focus": 100, "will": 100, "current_will": 57, "primary_weapon": [3, {"name": "Club", "item_type": 3, "damage": 100, "damage_types": [2], "level": 1}]}, {"id": "4c8d12f0-d974-41a5-b206-ad287d62c330", "name": "Eddy", "class_name": "Pikeman", "unit_class": 2, "combat_action": 1, "combat_action_target_1": null, "combat_action_target_2": null, "trap_action": 3, "invigorated": false, "health": 13000, "current_health": 11900, "focus": 100, "current_focus": 100, "will": 100, "current_will": 78, "primary_weapon": [4, {"name": "Spear", "item_type": 4, "damage": 100, "damage_types": [0], "level": 1}]}, {"id": "735a2ec7-e41a-4b80-8b1d-3d23a0cf8e1a", "name": "Carlos", "class_name": "Alchemist", "unit_class": 7, "combat_action": 6, "combat_action_target_1": 2, "combat_action_target_2": null, "trap_action": 3, "invigorated": false, "health": 18000, "current_health": 16750, "focus": 100, "current_focus": 100, "will": 100, "current_will": 49, "primary_weapon": [8, {"name": "Alchemy Supplies", "item_type": 8, "damage": 0, "damage_types": [9], "level": 1}], "bomb_1": null, "bomb_1_quantity": 0, "bomb_2": {"name": "Fire Bomb", "item_type": 13, "damage": 100, "damage_types": [4], "level": 1}, "bomb_2_quantity": 0}]}