{"turn_result": {"events": [{"type": 2, "location": {"id": "8a0df556-fd83-4de7-8029-5f804dddb3c8", "node_ids": ["9b42cd22-9538-43b2-b7de-7d0a02848950", "ebf0c913-4c41-4283-8e7b-047b0943546c"], "node_type": 3, "resolved": true}}, {"type": 11, "room_1": {"id": "9b42cd22-9538-43b2-b7de-7d0a02848950", "node_ids": ["2895eb02-50d5-4022-abfe-55dac1b0050c", "1d18e052-1104-4e0e-90c3-888520c810b0"], "node_type": 2, "resolved": false, "trap": {"id": "b9f28567-bfd3-4a90-bcb8-22c286aec280", "name": "Spike Trap", "level": 2, "trap_type": 0, "stat": 1, "pass_type": 0, "damage_interval": 1, "damage_type": 1, "damage": 100, "required_effort": 50, "current_effort": [0, 0, 0, 0]}}, "room_2": {"id": "ebf0c913-4c41-4283-8e7b-047b0943546c", "node_ids": ["1d18e052-1104-4e0e-90c3-888520c810b0", "320f9f53-98b1-4243-9a1f-534f7730623e"], "node_type": 2, "resolved": false, "trap": {"id": "4856e552-d847-4ef6-b2bb-ca7f6c5cf721", "name": "Riddles of the Sphinx", "level": 3, "trap_type": 4, "stat": 0, "pass_type": 2, "damage_interval": 1, "damage_type": 0, "damage": 20, "required_effort": 50, "current_effort": [0, 0, 0, 0]}}, "choice": "room_2"}], "team_name": "Team Longcoats"}, "units": [{"id": "b1348eb8-66e5-4528-89e5-31268db0ecd8", "name": "Ed", "class_name": "Knight", "unit_class": 0, "combat_action": 9, "combat_action_target_1": null, "combat_action_target_2": null, "trap_action": 3, "invigorated": false, "health": 11000, "current_health": 11000, "focus": 100, "current_focus": 100, "will": 100, "current_will": 2, "primary_weapon": [1, {"name": "Sword", "item_type": 1, "damage": 100, "damage_types": [1], "level": 1}]}, {"id": "50e0a2fc-cb66-432d-ac91-e9e9b52e005b", "name": "Edd", "class_name": "Brawler", "unit_class": 1, "combat_action": 9, "combat_action_target_1": null, "combat_action_target_2": null, "trap_action": 3, "invigorated": false, "health": 12000, "current_health": 12000, "focus": 100, "current_focus": 100, "will": 100, "current_will": 4, "primary_weapon": [3, {"name": "Club", "item_type": 3, "damage": 100, "damage_types": [2], "level": 1}]}, {"id": "4c8d12f0-d974-41a5-b206-ad287d62c330", "name": "Eddy", "class_name": "Pikeman", "unit_class": 2, "combat_action": 1, "combat_action_target_1": null, "combat_action_target_2": null, "trap_action": 3, "invigorated": false, "health": 13000, "current_health": 13000, "focus": 100, "current_focus": 100, "will": 100, "current_will": 17, "primary_weapon": [4, {"name": "Spear", "item_type": 4, "damage": 100, "damage_types": [0], "level": 1}]}, {"id": "735a2ec7-e41a-4b80-8b1d-3d23a0cf8e1a", "name": "Carlos", "class_name": "Alchemist", "unit_class": 7, "combat_action": 6, "combat_action_target_1": 2, "combat_action_target_2": null, "trap_action": 3, "invigorated": false, "health": 18000, "current_health": 18000, "focus": 100, "current_focus": 100, "will": 100, "current_will": 16, "primary_weapon": [8, {"name": "Alchemy Supplies", "item_type": 8, "damage": 0, "damage_types": [9], "level": 1}], "bomb_1": null, "bomb_1_quantity": 0, "bomb_2": {"name": "Fire Bomb", "item_type": 13, "damage": 100, "damage_types": [4], "level": 1}, "bomb_2_quantity": 2}]}