{"turn_result": {"events": [{"type": 2, "location": {"id": "ebf0c913-4c41-4283-8e7b-047b0943546c", "node_ids": ["1d18e052-1104-4e0e-90c3-888520c810b0", "320f9f53-98b1-4243-9a1f-534f7730623e"], "node_type": 2, "resolved": true, "trap": {"id": "4856e552-d847-4ef6-b2bb-ca7f6c5cf721", "name": "Riddles of the Sphinx", "level": 3, "trap_type": 4, "stat": 0, "pass_type": 2, "damage_interval": 1, "damage_type": 0, "damage": 20, "required_effort": 50, "current_effort": [50, 50, 50, 50]}}}, {"type": 11, "room_1": {"id": "1d18e052-1104-4e0e-90c3-888520c810b0", "node_ids": ["3fccae40-8d27-4e0a-843e-d7cec06f58e0", "1ed62b69-40e2-4003-bf81-dde2779e993d"], "node_type": 1, "resolved": false, "monster": {"id": "96ae5151-2d70-46ce-aa9c-1ec174d4885d", "name": "Wraith", "monster_type": 6, "level": 2, "damage": 500, "cumulative_damage": 0, "health": 6000, "defense": 5, "current_health": 6000, "attack_state": {}, "weaknesses": [0, 1, 7, 5, 4, 6], "gold": 1000}}, "room_2": {"id": "320f9f53-98b1-4243-9a1f-534f7730623e", "node_ids": ["1ed62b69-40e2-4003-bf81-dde2779e993d"], "node_type": 1, "resolved": false, "monster": {"id": "880262b9-8a2b-4540-aa7e-6a3e0f7fff0d", "name": "Minotaur", "monster_type": 4, "level": 2, "damage": 500, "cumulative_damage": 0, "health": 6000, "defense": 5, "current_health": 6000, "attack_state": {}, "weaknesses": [], "gold": 1000}}, "choice": "room_2"}], "team_name": "Team Longcoats"}, "units": [{"id": "b1348eb8-66e5-4528-89e5-31268db0ecd8", "name": "Ed", "class_name": "Knight", "unit_class": 0, "combat_action": 9, "combat_action_target_1": null, "combat_action_target_2": null, "trap_action": 3, "invigorated": false, "health": 11000, "current_health": 10890, "focus": 100, "current_focus": 70, "will": 100, "current_will": 31, "primary_weapon": [1, {"name": "Sword", "item_type": 1, "damage": 100, "damage_types": [1], "level": 1}]}, {"id": "50e0a2fc-cb66-432d-ac91-e9e9b52e005b", "name": "Edd", "class_name": "Brawler", "unit_class": 1, "combat_action": 9, "combat_action_target_1": null, "combat_action_target_2": null, "trap_action": 3, "invigorated": false, "health": 12000, "current_health": 11880, "focus": 100, "current_focus": 57, "will": 100, "current_will": 33, "primary_weapon": [3, {"name": "Club", "item_type": 3, "damage": 100, "damage_types": [2], "level": 1}]}, {"id": "4c8d12f0-d974-41a5-b206-ad287d62c330", "name": "Eddy", "class_name": "Pikeman", "unit_class": 2, "combat_action": 1, "combat_action_target_1": null, "combat_action_target_2": null, "trap_action": 3, "invigorated": false, "health": 13000, "current_health": 12830, "focus": 100, "current_focus": 63, "will": 100, "current_will": 46, "primary_weapon": [4, {"name": "Spear", "item_type": 4, "damage": 100, "damage_types": [0], "level": 1}]}, {"id": "735a2ec7-e41a-4b80-8b1d-3d23a0cf8e1a", "name": "Carlos", "class_name": "Alchemist", "unit_class": 7, "combat_action": 6, "combat_action_target_1": 2, "combat_action_target_2": null, "trap_action": 3, "invigorated": false, "health": 18000, "current_health": 17900, "focus": 100, "current_focus": 71, "will": 100, "current_will": 45, "primary_weapon": [8, {"name": "Alchemy Supplies", "item_type": 8, "damage": 0, "damage_types": [9], "level": 1}], "bomb_1": null, "bomb_1_quantity": 0, "bomb_2": {"name": "Fire Bomb", "item_type": 13, "damage": 100, "damage_types": [4], "level": 1}, "bomb_2_quantity": 2}]}