{"turn_result": {"events": [{"type": 2, "location": {"id": "1ed62b69-40e2-4003-bf81-dde2779e993d", "node_ids": ["b4595c41-03c7-4c24-871d-18cfe8e56338", "d26dd72a-534e-436e-b416-02e44a08a7c5"], "node_type": 1, "resolved": false, "monster": {"id": "9732f48a-416a-43e7-8d1c-a0c20e6ff9b2", "name": "Wraith", "monster_type": 6, "level": 2, "damage": 500, "cumulative_damage": 0, "health": 6000, "defense": 5, "current_health": 3800, "attack_state": {}, "weaknesses": [0, 1, 7, 5, 4, 6], "gold": 1000}}}, {"type": 6, "unit": "b1348eb8-66e5-4528-89e5-31268db0ecd8", "target_1": null, "target_2": null}, {"type": 9, "unit": "b1348eb8-66e5-4528-89e5-31268db0ecd8", "damage": 425}, {"type": 10, "unit": "50e0a2fc-cb66-432d-ac91-e9e9b52e005b", "damage": 100, "item_used": 0}, {"type": 10, "unit": "4c8d12f0-d974-41a5-b206-ad287d62c330", "damage": 125, "item_used": 0}], "team_name": "Team Longcoats"}, "units": [{"id": "b1348eb8-66e5-4528-89e5-31268db0ecd8", "name": "Ed", "class_name": "Knight", "unit_class": 0, "combat_action": 9, "combat_action_target_1": null, "combat_action_target_2": null, "trap_action": 3, "invigorated": false, "health": 11000, "current_health": 0, "focus": 100, "current_focus": 70, "will": 100, "current_will": 31, "primary_weapon": [1, {"name": "Sword", "item_type": 1, "damage": 100, "damage_types": [1], "level": 1}]}, {"id": "50e0a2fc-cb66-432d-ac91-e9e9b52e005b", "name": "Edd", "class_name": "Brawler", "unit_class": 1, "combat_action": 9, "combat_action_target_1": null, "combat_action_target_2": null, "trap_action": 3, "invigorated": false, "health": 12000, "current_health": 11880, "focus": 100, "current_focus": 57, "will": 100, "current_will": 33, "primary_weapon": [3, {"name": "Club", "item_type": 3, "damage": 100, "damage_types": [2], "level": 1}]}, {"id": "4c8d12f0-d974-41a5-b206-ad287d62c330", "name": "Eddy", "class_name": "Pikeman", "unit_class": 2, "combat_action": 9, "combat_action_target_1": null, "combat_action_target_2": null, "trap_action": 3, "invigorated": false, "health": 13000, "current_health": 12830, "focus": 100, "current_focus": 63, "will": 100, "current_will": 46, "primary_weapon": [4, {"name": "Spear", "item_type": 4, "damage": 100, "damage_types": [0], "level": 1}]}, {"id": "735a2ec7-e41a-4b80-8b1d-3d23a0cf8e1a", "name": "Carlos", "class_name": "Alchemist", "unit_class": 7, "combat_action": 9, "combat_action_target_1": 2, "combat_action_target_2": null, "trap_action": 3, "invigorated": false, "health": 18000, "current_health": 17900, "focus": 100, "current_focus": 71, "will": 100, "current_will": 45, "primary_weapon": [8, {"name": "Alchemy Supplies", "item_type": 8, "damage": 0, "damage_types": [9], "level": 1}], "bomb_1": null, "bomb_1_quantity": 0, "bomb_2": {"name": "Fire Bomb", "item_type": 13, "damage": 100, "damage_types": [4], "level": 1}, "bomb_2_quantity": 2}]}