{"turn_result": {"events": [{"type": 2, "location": {"id": "b4595c41-03c7-4c24-871d-18cfe8e56338", "node_ids": ["6c219bac-a446-43d2-abb8-0608539c47e2", "62d493a8-0e2a-4e42-a71c-b33c52183397"], "node_type": 2, "resolved": false, "trap": {"id": "464463c8-bec1-4ca8-b078-32125b1b3ff3", "name": "Spike Trap", "level": 2, "trap_type": 0, "stat": 1, "pass_type": 0, "damage_interval": 1, "damage_type": 1, "damage": 100, "required_effort": 50, "current_effort": [8, 0, 14, 6]}}}, {"type": 12, "unit": "50e0a2fc-cb66-432d-ac91-e9e9b52e005b", "damage": 50}, {"type": 12, "unit": "4c8d12f0-d974-41a5-b206-ad287d62c330", "damage": 50}], "team_name": "Team Longcoats"}, "units": [{"id": "b1348eb8-66e5-4528-89e5-31268db0ecd8", "name": "Ed", "class_name": "Knight", "unit_class": 0, "combat_action": 9, "combat_action_target_1": null, "combat_action_target_2": null, "trap_action": 3, "invigorated": false, "health": 11000, "current_health": 0, "focus": 100, "current_focus": 70, "will": 100, "current_will": 31, "primary_weapon": [1, {"name": "Sword", "item_type": 1, "damage": 100, "damage_types": [1], "level": 1}]}, {"id": "50e0a2fc-cb66-432d-ac91-e9e9b52e005b", "name": "Edd", "class_name": "Brawler", "unit_class": 1, "combat_action": 9, "combat_action_target_1": null, "combat_action_target_2": null, "trap_action": 3, "invigorated": false, "health": 12000, "current_health": 11530, "focus": 100, "current_focus": 63, "will": 100, "current_will": 23, "primary_weapon": [3, {"name": "Club", "item_type": 3, "damage": 100, "damage_types": [2], "level": 1}]}, {"id": "4c8d12f0-d974-41a5-b206-ad287d62c330", "name": "Eddy", "class_name": "Pikeman", "unit_class": 2, "combat_action": 1, "combat_action_target_1": null, "combat_action_target_2": null, "trap_action": 3, "invigorated": false, "health": 13000, "current_health": 12530, "focus": 100, "current_focus": 69, "will": 100, "current_will": 46, "primary_weapon": [4, {"name": "Spear", "item_type": 4, "damage": 100, "damage_types": [0], "level": 1}]}, {"id": "735a2ec7-e41a-4b80-8b1d-3d23a0cf8e1a", "name": "Carlos", "class_name": "Alchemist", "unit_class": 7, "combat_action": 6, "combat_action_target_1": 2, "combat_action_target_2": null, "trap_action": 3, "invigorated": false, "health": 18000, "current_health": 17700, "focus": 100, "current_focus": 77, "will": 100, "current_will": 41, "primary_weapon": [8, {"name": "Alchemy Supplies", "item_type": 8, "damage": 0, "damage_types": [9], "level": 1}], "bomb_1": null, "bomb_1_quantity": 0, "bomb_2": {"name": "Fire Bomb", "item_type": 13, "damage": 100, "damage_types": [4], "level": 1}, "bomb_2_quantity": 0}]}